Year,LandAverageTemperature,LandMaxTemperature,LandMinTemperature
1973,3.832,9.292,-1.514
1969,8.575999999999999,14.286,2.69
1983,3.8289999999999997,9.25,-1.3119999999999998
1861,10.515999999999998,15.401000000000002,3.858000000000001
1977,9.156,14.875,3.5860000000000003
2012,12.59,18.611,6.461
1991,14.987,20.643,9.273
1885,5.425,11.488,-0.476
2009,3.687,9.175999999999998,-1.7560000000000002
1920,11.794,17.810000000000006,5.85
1953,12.199000000000002,18.145000000000003,6.2879999999999985
1908,11.140999999999998,16.958000000000002,4.86
1851,9.122,14.961,3.298
1992,3.931,9.491,-1.5950000000000002
1860,2.632,8.747,-3.232
1907,9.234,15.079,3.32
1905,1.9269999999999998,7.7349999999999985,-3.951
2002,9.988,15.599,4.484
1909,4.589,10.659,-1.6769999999999998
1943,13.774,19.68,7.985999999999999
2007,9.823,15.807,3.88
1949,2.759,8.517999999999999,-3.003
1902,13.214,19.338,6.894
1903,4.93,10.963,-1.158
1978,3.4560000000000004,9.006,-2.149
1865,7.313999999999999,14.276,1.793
1918,10.54,16.48,4.386
1997,11.593,17.378,5.8020000000000005
1986,14.293,19.987000000000002,8.738999999999999
1912,11.222,17.435000000000002,5.227
1943,8.638,14.654000000000002,2.719
1873,13.405,19.006,6.783
1876,8.946,14.4,2.766
1928,9.486,15.387,3.549
1894,5.118,11.085999999999999,-1.093
1908,13.293,19.063,6.902
1872,11.198,17.369,5.046
2014,14.335,20.125999999999998,8.472999999999999
1860,3.494,11.821,-0.7140000000000001
1965,2.862,8.418,-2.526
1916,5.596,11.22,-0.31099999999999994
1948,8.498999999999999,14.384,2.617
2007,6.485,12.482999999999999,0.5169999999999999
1902,4.883,11.165999999999999,-1.339
1897,1.893,7.411999999999999,-3.5730000000000004
1945,14.213,20.142,8.352
1936,12.020999999999999,17.91,6.064
1895,13.058,19.059,6.905
1963,8.173,13.914,2.35
1913,11.759,17.833000000000006,5.629
2001,3.72,9.486,-1.997
1910,11.005,17.03,4.675000000000002
1979,11.199000000000002,17.139000000000006,5.7120000000000015
1976,5.66,11.155999999999999,0.302
1929,13.957,19.652,8.012
1996,8.679,14.470999999999998,2.717
1851,2.431,8.950999999999997,-2.443
1927,12.254,18.109,6.26
1859,13.217,19.201,7.964999999999999
1853,4.078,10.325,-1.966
1934,3.985,9.279,-1.62
2002,4.038,9.357,-1.189
2010,7.487,13.168,1.95
1914,13.73,19.692,7.869999999999999
1915,5.143,11.024,-1.115
1952,14.549,20.416,8.754
1921,13.561,19.468,7.600999999999999
1980,8.934999999999997,14.821,3.109
2015,9.312999999999999,15.224,3.402
2014,12.582,18.362000000000002,6.613
1858,4.834,10.44,-1.4700000000000002
1860,1.634,8.556000000000001,-2.5250000000000004
1993,11.475,17.289,5.674
2000,4.184,9.863,-1.371
1859,2.015,8.074,-2.7
1938,12.427,18.311,6.468
1952,5.425,11.017,-0.16400000000000006
1882,5.04,10.794,-1.411
2013,10.255999999999998,15.994000000000002,4.663
1946,3.4610000000000003,9.259,-2.3890000000000002
1868,5.192,10.181,-0.3500000000000001
1996,12.294,17.974,6.711
1922,5.1560000000000015,11.248,-1.1880000000000002
1957,13.783,19.473,7.811
1977,11.78,17.594,6.009
2004,6.3210000000000015,12.275,0.3759999999999999
1960,2.713,8.222000000000001,-2.623
1951,4.327999999999999,9.788,-1.162
1905,7.754999999999999,13.622,1.493
1991,9.226,15.123,3.414
1998,14.520999999999999,20.404,8.777999999999999
2013,12.195,18.107000000000006,6.263
1897,8.277999999999999,14.293,1.74
1878,12.093,17.827,6.1
1867,2.6639999999999997,9.183,-2.172
1855,13.547,19.012,6.930999999999999
1911,13.009,19.090999999999998,6.7780000000000005
1902,8.801,14.811,2.759
1874,3.069,7.9620000000000015,-3.2300000000000004
1916,2.316,7.837999999999999,-3.402
1974,2.261,7.463999999999999,-2.894
1987,11.525,17.315,5.797999999999999
1935,14.331,20.173,8.437999999999999
1861,5.707000000000002,12.044,0.41
1951,14.324000000000002,20.225,8.416
1929,10.915,16.906000000000002,4.784000000000002
1911,14.082,19.987000000000002,8.052999999999999
1958,14.438,20.121,8.839
1890,14.034,19.718,7.857
1851,13.751,17.360999999999994,6.594999999999999
2014,6.712999999999999,12.284,1.3130000000000002
1887,0.8240000000000001,6.863999999999999,-4.678000000000001
1912,3.354,9.379,-2.718
1974,3.55,8.738999999999999,-1.5219999999999998
1882,2.205,8.573,-2.795
1886,3.502,8.616,-1.862
1863,7.930999999999999,14.257,1.642
1898,7.906999999999999,14.459,1.49
1952,12.238,18.109,6.379
1918,4.811,10.704,-1.267
1900,11.385,17.415000000000006,5.1789999999999985
1999,14.348,20.158,8.696
1962,8.54,14.473,2.576
1946,12.064,17.921000000000006,6.2639999999999985
1881,12.745,18.945999999999998,6.801
1891,13.93,19.849,7.818
1995,5.956,11.784,0.265
1876,5.093,10.498,-0.6530000000000002
1941,3.67,9.439,-2.234
1991,5.574,11.411,-0.129
1901,2.1910000000000003,7.995999999999999,-3.491
1958,6.26,11.718,0.746
1941,11.815999999999999,17.813000000000006,5.973
1851,3.14,6.436,-3.242
1968,13.204,18.873,7.318
1944,3.591,9.407,-2.123
1891,8.722000000000001,15.042,2.764
1860,2.077,9.771999999999998,-2.059
1979,14.114,19.945,8.491
1970,11.206,17.165000000000006,5.402
1897,4.345,10.442,-2.123
1949,9.531,15.439,3.719
1924,13.654000000000002,19.519,7.584999999999999
2003,10.424,16.115,4.74
1932,5.908,11.550999999999998,0.014000000000000012
1969,4.21,9.587,-1.139
1909,10.610999999999999,16.668000000000006,4.380000000000001
1968,9.453,15.086,3.787
1935,4.125,9.943999999999999,-1.717
1876,14.319,19.855,7.891
1870,7.879,14.287,1.5699999999999998
1973,3.0380000000000003,8.491999999999999,-2.3080000000000003
1990,9.169,15.058,3.373
1930,13.927999999999999,19.803,7.995999999999999
1958,5.4529999999999985,11.321,-0.5489999999999999
1852,2.54,8.568999999999999,-2.337
1900,8.222999999999999,13.972,2.131
2013,7.423999999999999,12.965,2.016
1979,2.841,8.525,-2.7590000000000003
2011,6.814,12.395,1.432
1947,10.011,15.797,4.313
1855,8.58,13.709,1.1409999999999998
2004,14.312,20.087,8.624
1923,3.88,9.269,-1.903
1887,11.707,17.392000000000003,5.7010000000000005
1992,14.139,19.853,8.421
2008,14.145,19.973,8.266
1944,12.45,18.453000000000007,6.614
1916,12.942,18.91,6.867000000000001
2004,10.127,15.843,4.511
1920,11.130999999999998,17.145,5.126
1920,5.227,11.034,-0.782
1943,9.907,15.859000000000002,4.0680000000000005
1895,4.689,10.838,-1.594
1941,11.493,17.259,5.5820000000000025
1960,12.095,17.855999999999995,6.497999999999998
1991,14.319,20.035999999999998,8.61
1887,5.5920000000000005,11.66,-0.2640000000000001
2007,4.5790000000000015,10.084,-0.8180000000000003
2009,6.086,12.065,0.132
1977,14.09,19.673,8.463999999999999
1976,2.884,8.398,-2.452
1872,2.627,8.526,-3.418
1984,5.671,11.540999999999999,-0.07800000000000001
1977,8.85,14.751,3.0580000000000003
1976,13.511,19.163,7.645999999999999
1927,9.887,15.627,4.02
1943,12.095999999999998,18.029000000000003,6.325
1918,11.880999999999998,17.999000000000006,5.8
1953,11.514,17.358,5.53
1966,3.29,9.004999999999997,-2.4210000000000003
2010,4.399,10.033999999999999,-1.107
1874,9.12,15.841,3.025
1999,5.53,11.4,-0.274
1870,5.6,12.574000000000002,0.629
1986,11.581,17.393,5.8889999999999985
1855,11.186,16.77,4.2860000000000005
1865,2.975,8.841000000000003,-3.212
2002,14.56,20.444000000000006,8.806999999999997
1935,9.516,15.379,3.7
2006,4.987,10.345999999999998,-0.2430000000000001
1884,10.198,16.465999999999998,3.9890000000000008
1959,13.853,19.532,8.321
2010,3.737,9.245,-1.6770000000000005
1864,4.651,11.747,-0.7250000000000001
1967,13.821,19.593,8.171999999999999
1919,13.228,19.017,7.102
1954,12.097999999999999,17.852,6.3679999999999986
1975,13.557,19.275,7.796
1947,13.827,19.541,8.001999999999999
1961,11.624,17.592000000000002,5.729
1916,4.846,10.960999999999999,-1.584
1950,2.008,7.6110000000000015,-3.622
1863,8.235,13.944,3.282
1920,13.105,18.9,7.057
1965,5.86,11.337,0.354
1959,11.946,17.663,6.3439999999999985
1984,13.387,19.05,7.662000000000001
1914,11.915,17.747000000000003,5.8660000000000005
1923,13.296,19.055999999999997,7.1389999999999985
1866,4.421,10.824000000000002,-0.8809999999999999
1940,2.335,7.9419999999999975,-3.35
1870,2.1340000000000003,8.544,-3.527
1998,6.404,11.872,1.039
1962,5.53,11.537,-0.41600000000000004
2012,6.023,12.025,0.07499999999999996
2008,15.174,21.006,9.407
1995,14.164,20.115,8.232000000000001
1869,12.247,17.561,5.377000000000002
1872,7.845999999999999,14.041,1.464
1943,5.138,11.123,-0.812
1896,4.279,10.469,-1.868
1937,14.375,20.154,8.41
1975,11.742,17.484,5.8420000000000005
1995,3.54,8.895,-1.7690000000000001
1926,9.55,15.474,3.6010000000000004
2003,14.983,20.757,9.222999999999999
1869,2.115,8.206,-3.173
2008,12.053999999999998,17.989,6.053000000000001
1947,13.459,19.361,7.452000000000001
1990,12.195,17.993000000000006,6.597
1928,12.03,17.980999999999995,6.02
1949,11.957,17.969,6.0520000000000005
1905,9.041,14.866,3.117
1953,3.998,9.366,-1.2990000000000002
1902,13.599,19.884,7.449
1868,4.538,11.411,-0.63
2003,6.047999999999999,11.972,0.215
1880,3.1060000000000003,7.6869999999999985,-2.657
1907,13.362,19.187,7.464999999999999
1895,11.743,17.597,5.687
1991,4.059,9.284,-1.061
1867,8.258,13.852,2.307
1961,9.328,15.057,3.508
1934,9.421,15.371,3.629
1977,2.492,7.7639999999999985,-2.648
1868,13.744000000000002,19.817999999999998,8.120999999999999
1968,14.026,19.734,8.431000000000001
1956,11.783,17.500999999999998,5.872000000000001
1914,5.759,11.287,0.239
1952,9.157,15.032,3.294
1861,8.475,15.644,3.277
1858,2.2840000000000003,7.829,-4.1480000000000015
1980,11.77,17.713,6.131
1983,13.478,19.217,7.819
1857,11.056,17.223000000000006,5.146
1899,12.127999999999998,18.223000000000006,5.974
1921,14.436,20.42,8.424
1956,5.738,11.414,0.134
1988,6.295,11.837,0.841
1856,4.372,10.327,-2.241
1888,11.685,17.808000000000003,5.4689999999999985
1877,2.928,9.755,-2.357
1855,4.617,10.16,-1.865
1989,3.627,9.3,-1.9240000000000002
1871,3.1630000000000003,7.912000000000001,-3.677
1871,8.34,13.97,1.89
1990,13.892999999999999,19.785999999999998,8.167
1966,5.527,11.296,-0.42
1922,11.775,17.660999999999994,5.754
1890,11.546,17.266000000000002,5.494
1900,9.666,15.544,3.833
1903,5.516,11.219,-0.050999999999999934
2005,13.217,19.110000000000007,7.412000000000001
1908,8.865,14.675,2.948
1899,13.777,19.598,7.645999999999999
1891,13.496,19.472,7.289999999999999
1856,5.36,10.349,-1.433
1882,8.445,14.595999999999998,2.784
2010,10.442,16.115,4.905
1878,9.173,15.255,3.506
1897,9.197,15.166,3.279
1963,2.9010000000000002,8.671,-2.6790000000000003
1898,2.354,8.238999999999999,-3.651
1901,14.339,20.34,8.161
1946,9.281,15.175,3.577
1923,2.563,8.298,-3.172
1928,6.336,11.933,0.629
1933,4.869,10.774,-1.27
1854,1.9409999999999998,8.508,-4.109
1973,5.82,11.605,0.109
1860,7.76,13.511,1.805
2005,9.618,15.550999999999998,3.697
1997,3.766,9.456,-1.885
1967,14.331,20.142,8.706
1850,11.505,15.846000000000002,4.533
1879,2.303,8.558,-3.3110000000000004
1908,13.376,19.359,7.499
1930,11.874,17.754,5.935
1873,13.755,19.241,7.446999999999999
1885,13.972,20.205,7.627999999999999
1918,7.643999999999999,13.706,1.426
1963,13.412,19.276,7.604
2003,9.154,15.033,3.209
1907,10.375,16.335,4.0840000000000005
1976,3.031,8.509,-2.443
1905,2.254,8.017000000000001,-3.3240000000000003
2011,9.482999999999999,15.45,3.524
1881,11.165,17.283,5.263000000000001
1939,4.926,10.835999999999999,-1.1
1999,6.5920000000000005,12.121,1.107
1997,6.841,12.195,1.503
1850,4.954,10.347,-1.905
1885,10.567,16.704,4.202
2001,14.427,20.332,8.664
1908,3.071,8.901,-2.535
1888,7.845,13.884,1.66
1911,9.263,14.99,3.401
1905,6.183,11.984000000000002,0.574
1929,6.1720000000000015,11.757,0.377
1995,12.565,18.382,6.921
1968,11.068,16.76,5.176
1980,2.9560000000000004,8.468,-2.4570000000000003
1937,2.4530000000000003,7.879,-3.216
1971,2.967,8.530999999999999,-2.531
1992,13.575999999999999,19.36,7.818
1852,8.91,14.849,2.813
2005,15.19,20.88,9.568999999999999
1960,13.825,19.604,8.241999999999999
1875,13.157,19.602999999999998,6.497000000000001
1861,13.967,19.37,7.803
1871,4.6850000000000005,11.047,-1.75
2013,3.685,9.255,-1.7260000000000002
1937,4.851,10.731,-1.413
1981,8.953,14.817,3.131
1991,4.0440000000000005,9.774,-1.499
1926,8.193,14.095,2.006
1997,4.417,9.634,-0.7370000000000001
1940,13.583,19.500999999999998,7.532
1909,14.06,19.787,8.05
1974,14.288,19.925,8.654
1940,3.423,9.25,-2.488
1966,8.161,13.951,2.331
1984,2.9410000000000003,8.338,-2.2350000000000003
1898,13.579,19.628,7.656999999999999
1984,14.429,20.109,8.958
1901,11.177999999999999,17.315,4.855
1891,5.115,11.033,-0.7809999999999999
1950,13.382,19.29,7.501
1995,8.972000000000003,14.839,3.162
2013,14.568,20.44,8.685
1852,3.884,9.215,-2.491
1969,1.966,7.228999999999999,-3.298
1946,13.298,19.086,7.197
1995,15.116,20.803,9.331
1868,9.448,14.925,3.0860000000000003
1942,11.338,17.195999999999998,5.3980000000000015
1989,5.792000000000002,11.628,0.1309999999999999
1972,9.346,15.057,3.84
2010,14.768,20.656,8.984
1945,12.225,18.078000000000007,6.414
1958,3.695,9.546,-1.949
1959,14.449000000000002,20.236,8.854
1930,13.347,19.070999999999998,7.295
1930,8.181999999999999,14.017,2.072
1905,4.635,10.466,-1.308
1931,6.2429999999999986,11.63,0.5449999999999999
1963,14.505999999999998,20.229,8.797
1924,3.485,8.639,-2.021
1886,10.784,17.195999999999998,4.4220000000000015
1881,13.71,19.879,8.046999999999999
1938,8.913,14.984000000000002,2.968
1866,14.602,20.369,8.183
1919,13.786,19.804,7.842
1892,13.263,19.003,6.86
1855,2.9819999999999998,7.604,-4.947
1865,14.22,19.108,8.163
1884,7.185999999999999,13.58,0.6990000000000001
1946,2.979,8.484,-2.547
1970,3.735,9.543,-2.02
1936,8.126999999999999,14.082,1.976
1948,3.22,9.033999999999999,-2.613
2006,3.286,8.616999999999999,-1.942
2008,9.295,15.42,3.175
1988,14.553,20.124,8.905
1990,6.92,12.561,1.345
1900,5.8039999999999985,11.527,0.121
1972,1.882,7.391999999999999,-3.5490000000000004
1993,3.301,8.666,-1.9190000000000005
1920,2.841,8.443999999999999,-2.942
1925,5.126,11.133,-1.14
1941,9.71,15.504,3.988
1930,6.574,12.032,0.8919999999999999
1999,14.030999999999999,19.831,8.205
1864,1.551,7.0710000000000015,-3.848
1908,11.977,17.781000000000006,5.977
1996,13.681,19.405,7.854
1964,10.905,16.801000000000002,5.202000000000001
1878,13.796,19.355999999999998,7.461
1890,7.738999999999999,13.672,1.641
1934,8.016,13.996,1.8530000000000002
1932,14.372,20.093,8.416
1885,12.716,18.762,6.492000000000001
1941,2.7350000000000003,8.347999999999999,-3.01
1851,4.973,7.9510000000000005,-1.345
1927,2.372,7.935,-3.5120000000000005
1858,13.677,18.561,7.888
1970,13.513,19.368,7.599
1924,2.888,8.609,-3.0250000000000004
1895,9.117,15.159,2.878
1966,9.152999999999999,14.777,3.555
2014,3.732,9.327,-1.7550000000000003
2011,14.37,20.230999999999998,8.48
1992,5.952000000000001,11.692,0.2529999999999999
1936,13.86,19.691,7.9289999999999985
1910,4.606,10.780999999999999,-1.675
1955,9.735,15.446,3.923
1867,4.4540000000000015,10.572,-1.195
1883,7.690999999999999,13.967,1.4680000000000002
1889,1.7619999999999998,7.377000000000002,-4.053000000000001
1928,14.31,20.005,8.189
1999,12.722999999999999,18.472,7.109
2009,12.111999999999998,18.01,6.141
1877,12.075,17.930999999999994,5.9670000000000005
1905,10.982,16.945999999999998,4.819000000000001
1883,14.011,20.457,7.7189999999999985
1865,13.58,19.111,7.594999999999999
1899,2.515,8.443,-3.2620000000000005
1851,14.531,17.102999999999998,7.425
1859,11.456,17.021,5.277
2011,3.743,9.435,-1.906
1967,2.71,8.395,-2.869
1964,13.678,19.386,8.049999999999999
1979,4.6,10.0,-0.6690000000000002
1923,10.848999999999998,16.825000000000006,4.790000000000001
1937,3.478,8.999,-2.196
1854,5.745,10.707,-1.406
2008,4.385,9.834,-0.946
1886,1.436,7.023,-3.755
1922,6.046,11.615,0.23199999999999998
1894,10.944,16.929000000000002,4.6110000000000015
2007,4.221,10.039,-1.5030000000000001
1966,13.731,19.627,8.087
2004,9.249,15.132,3.285
1876,11.687,17.667,5.687
1952,11.352,17.289,5.394
1873,11.486999999999998,16.979000000000006,5.297999999999999
2002,14.084,19.912,8.184000000000001
1937,9.729,15.635,4.002
1869,14.01,19.663,7.947999999999999
1969,9.488999999999999,14.888,4.05
1869,7.9209999999999985,13.787,1.297
1898,3.407,9.443,-2.096
1887,2.0540000000000003,8.142999999999999,-4.0470000000000015
1855,2.522,8.219999999999999,-3.125
1972,11.155,16.968,5.3610000000000015
1863,2.651,8.55,-2.5860000000000003
1903,8.812000000000003,14.634,2.895
1956,2.466,7.909,-3.055
1879,2.5380000000000003,8.173,-3.531
1947,3.656,9.086,-1.784
1987,6.056,11.517999999999999,0.71
1898,2.737,8.35,-2.885
2003,4.085,9.749,-1.4800000000000002
1911,2.4530000000000003,8.15,-3.664
1912,13.723,19.729,7.915999999999999
1896,13.624,19.572,7.274999999999999
1928,3.0460000000000003,8.290999999999999,-2.6310000000000002
1889,8.588999999999999,14.392,2.502
1901,3.092,9.038,-2.678
1852,13.304,17.567,7.4289999999999985
1981,11.565,17.471,5.9010000000000025
1902,14.231,20.2,7.965
1951,2.138,7.77,-3.5210000000000004
1875,4.256,10.673,-2.207
1941,3.707,9.076,-1.87
1901,11.984000000000002,17.929000000000006,5.819
2015,10.800999999999998,16.45,5.231999999999998
1972,5.287000000000001,11.169,-0.672
1866,4.152,8.676,-2.9530000000000003
1951,13.25,19.16,7.312
1976,4.517,10.305,-1.2040000000000002
1865,9.136,15.281,3.345
1987,13.927,19.660999999999998,8.105
1909,6.2360000000000015,11.959,0.32299999999999995
1998,12.290999999999999,18.182000000000002,6.372000000000001
1937,12.412999999999998,18.377,6.419
1902,11.799,17.897000000000006,5.555
1873,4.704,11.105,-1.761
1885,4.622,10.56,-2.023
2007,15.23,21.108,9.482
1854,3.457,8.506,-3.397
1887,14.021,19.899,8.199
2003,3.981,9.558,-1.481
1966,12.133,18.028,6.482
1884,2.474,8.292,-3.841
1903,3.555,9.297,-2.49
1868,11.308,17.059,4.8610000000000015
1850,13.15,18.945999999999998,7.106
1955,4.585,10.377,-1.4269999999999998
1931,2.761,8.059,-2.897
1940,5.424,11.402,-0.622
1852,7.486999999999999,11.249,0.6469999999999998
1976,10.941999999999998,16.727999999999998,5.176
1879,9.229,14.744000000000002,2.747
2008,3.576,9.351,-2.1060000000000003
1968,3.245,8.879999999999997,-2.319
1932,11.239,16.865000000000002,5.2250000000000005
1862,1.7690000000000001,7.407,-4.346
1892,9.29,15.08,3.347
1943,3.513,9.468,-2.37
1892,11.764,17.858,5.5520000000000005
1978,13.22,18.891,7.7150000000000025
1993,8.69,14.585,2.823
1966,5.9689999999999985,11.58,0.412
1909,3.2230000000000003,8.763,-2.353
1895,14.053,19.614,7.875
1913,2.083,7.6549999999999985,-3.657
1854,4.698,10.469,-1.413
1880,7.5589999999999975,14.082,1.2979999999999998
1874,11.306,16.969,4.667000000000002
1974,8.386000000000001,14.179,2.59
1956,7.9220000000000015,13.848,2.043
1965,3.766,9.235,-1.5430000000000001
1926,3.366,8.629999999999999,-2.248
1914,3.6,8.764,-1.624
1946,13.834,19.783,7.9979999999999976
1951,9.67,15.149,4.047
1991,14.263,19.903,8.509
1963,3.75,9.346,-1.666
1883,10.832,16.898,4.793
1935,13.775,19.657,7.830999999999999
2004,13.889,19.66,8.035
1873,3.846,8.847999999999997,-2.628
1917,14.259,20.083,8.377
2011,15.012,20.921999999999997,9.207999999999998
1956,13.16,18.939,7.309
2015,3.8810000000000002,9.432,-1.5180000000000002
1967,5.396,11.222,-0.35600000000000004
1918,13.431,19.326,7.491999999999999
1956,10.720999999999998,16.734,5.083
1978,5.607,11.344,-0.07400000000000001
1925,4.398,10.011,-1.4700000000000002
1890,4.21,10.474,-2.1710000000000003
1938,3.51,8.922,-2.0010000000000003
2002,15.354000000000001,21.199,9.409
1992,4.075,9.455,-1.0630000000000002
1946,8.837,14.909,2.7110000000000003
1913,10.745,16.815,4.652
1862,0.685,7.360999999999999,-4.11
1958,11.518999999999998,17.355,5.625
1955,14.242,19.959,8.579
1991,6.44,11.862,1.121
1981,6.239,12.05,0.5539999999999999
1888,2.039,7.898,-3.555
1863,13.765,18.095,8.307
1861,0.4040000000000004,7.7429999999999986,-3.2560000000000002
1901,8.522,14.733,2.264
1989,4.43,9.802,-0.8070000000000002
1975,14.351,20.051,8.637
1869,13.537,18.871,7.1960000000000015
1868,14.514,20.504,8.702
2012,9.675999999999998,15.679,3.689
1858,8.25,13.912,1.041
1927,11.104,16.998,4.873
1951,11.437999999999999,17.371000000000002,5.376
1998,6.023,11.888,0.30099999999999993
1979,13.487,19.366,7.818
1954,8.158,13.973,2.424
1947,14.349,20.126,8.35
1870,14.599,20.29,8.850999999999997
1952,13.964,19.753,8.161
1929,2.571,7.769,-2.9450000000000003
1975,3.667,9.079,-1.636
1899,11.023,17.132,4.9670000000000005
1907,5.207000000000002,10.71,-0.5570000000000002
1996,4.325,9.82,-1.089
1969,13.804,19.628,8.123999999999999
1976,13.085999999999999,18.954,7.3450000000000015
1972,14.171,19.88,8.386000000000001
1977,3.471,9.135,-2.152
2013,6.261,12.328,0.17400000000000004
1994,13.977,19.808,8.274
1945,14.313,20.189,8.412999999999998
1915,3.633,9.515,-2.069
2007,4.523,9.873,-0.6840000000000002
1912,13.435,19.351,7.166
1980,6.684,12.196,1.334
1970,8.603,14.383,2.739
1863,13.294,18.408,7.8329999999999975
2011,6.101,11.963,0.3140000000000001
1886,12.789,19.145,6.5600000000000005
1884,13.257,19.317999999999998,7.250999999999999
2000,9.552,15.534,3.68
2014,14.875,20.79,9.047
1873,3.195,8.591000000000001,-3.719
1988,14.798,20.466,9.186
2008,2.8440000000000003,8.155,-2.383
2004,14.188,20.011,8.382
1975,13.514,19.248,7.891999999999999
1965,11.222,17.168000000000006,5.2620000000000005
1929,12.927999999999999,18.65,6.908
1921,5.864,11.362,0.2
1917,11.745,17.669,5.796
2003,5.132999999999999,10.545,-0.17900000000000005
1964,7.9220000000000015,13.794,2.152
1972,2.609,8.219,-3.115
1992,3.579,8.914,-1.6550000000000002
2000,6.2189999999999985,12.204999999999998,0.3759999999999999
1985,3.01,8.385,-2.22
1992,9.353,15.152,3.676
2001,4.507,9.841,-0.685
1945,8.681000000000001,14.727,2.6010000000000004
1947,2.597,8.109,-2.992
1878,3.728,9.483,-1.7140000000000002
1889,11.547,17.455000000000002,5.635
1867,3.937,8.312999999999999,-3.678
2011,11.985999999999999,17.917,6.0230000000000015
1896,2.707,8.447000000000001,-3.367
1990,6.73,12.658,1.0359999999999998
1943,13.161,19.035999999999998,7.314
1879,5.526,11.549,-0.5
1875,11.319,17.713,5.172999999999999
1929,2.1719999999999997,7.837999999999999,-3.883
1867,6.939,11.142999999999999,-0.7959999999999999
1944,5.5310000000000015,11.517,-0.4
1858,10.850999999999999,16.258000000000006,3.8640000000000008
1913,13.005,19.075,6.6670000000000025
1954,3.5589999999999997,8.915,-1.7730000000000001
1968,3.24,8.551,-2.116
1881,2.4610000000000003,7.3439999999999985,-3.687
1998,3.3520000000000003,8.555,-1.7760000000000002
1850,4.7330000000000005,11.388,-0.12
2010,9.671,15.616,3.759
1922,2.376,8.234,-3.684
2002,4.704,10.435,-0.9480000000000002
1996,14.603,20.416,8.918
1996,5.524,11.411,-0.28500000000000003
1944,3.4339999999999997,8.895999999999997,-1.969
1952,8.461,14.565,2.445
1857,9.885,15.6,3.639
1954,3.084,8.863,-2.6740000000000004
1993,13.517999999999999,19.292,7.767
1998,4.6690000000000005,10.083,-0.6559999999999999
1963,14.309,20.009,8.471
1867,13.505999999999998,19.625999999999998,7.705999999999999
1936,13.363,19.171,7.2879999999999985
2003,14.017,19.77,8.222000000000001
1974,11.744000000000002,17.430000000000003,6.14
1929,5.099,10.982,-1.131
1998,9.357999999999999,15.255,3.439
2015,5.518,10.725,0.2869999999999997
1923,13.984000000000002,19.81,8.012
1985,5.968,11.331,0.703
1915,6.216,12.159,0.297
1925,14.066,19.971,8.047
1872,2.35,8.953,-3.26
1971,12.139,17.918000000000006,6.462999999999999
1961,8.631,14.497,2.817
1949,13.826,19.77,8.004
1933,11.854,17.631,6.055
1928,11.169,17.060000000000002,4.981000000000001
1973,9.609,15.182,3.913
1942,3.945,9.368,-1.4740000000000002
1907,2.9560000000000004,8.831,-2.585
1900,13.816,19.85,7.891999999999999
2005,7.422999999999999,12.944,1.988
1872,1.652,8.228,-3.228
1892,4.859,10.432,-1.014
1850,10.004,15.655,3.8110000000000004
1882,3.2310000000000003,8.754,-3.067
1888,10.62,16.329,4.187
1907,7.579,13.401,1.521
1859,13.827,19.444000000000006,7.85
1871,11.710999999999999,17.394000000000002,5.037
1984,8.431999999999999,14.335,2.608
1980,14.189,19.814,8.562999999999999
1857,12.610999999999999,17.372,5.849
1922,13.331,19.153,7.266
1960,13.484000000000002,19.305999999999997,7.729
1901,3.335,9.061,-2.28
1947,5.801,11.8,-0.3670000000000001
1970,13.658,19.43,8.097000000000001
1957,12.312,18.065,6.407
1954,13.868,19.588,8.184
1903,2.898,8.533,-2.6870000000000003
1938,11.456,17.429000000000002,5.4270000000000005
1875,7.635999999999999,13.759,1.1740000000000002
1884,13.622,19.569000000000006,7.468
1953,13.612,19.461,7.749
1980,3.652,9.26,-1.864
1973,13.869000000000002,19.707,8.427
1942,2.857,8.544,-2.883
1874,13.306,19.062,6.857
1970,9.347999999999999,14.96,3.787
1962,13.427,19.35,7.456
2014,9.589,15.529000000000002,3.617
1961,3.683,9.299,-1.895
1917,2.133,7.847999999999999,-3.782
1945,2.6460000000000004,8.373,-3.044
1908,7.831999999999999,13.853,1.735
1933,8.125,14.046,2.003
1869,3.864,9.618,-2.406
2006,10.289,15.925,4.795999999999999
1894,13.488,19.326,7.363999999999999
1925,8.442,14.538,2.178
1864,10.956,16.908,4.849
1999,3.544,8.876999999999997,-1.7320000000000002
1876,13.130999999999998,18.887999999999998,6.7700000000000005
1962,9.468,15.225999999999999,3.774
1950,3.528,9.123,-2.071
1968,2.353,7.866999999999999,-3.0620000000000003
1989,2.71,8.094999999999999,-2.5980000000000003
1964,5.9830000000000005,11.609000000000002,0.483
1962,12.017999999999999,17.845000000000006,6.313
1921,3.125,9.17,-2.8160000000000003
1965,5.182,11.22,-0.7350000000000001
1950,9.152999999999999,14.918,3.452
1949,8.344,14.41,2.364
1993,3.745,9.42,-1.7440000000000002
1994,4.113,9.313,-1.102
1963,12.555,18.306,6.724
1945,2.525,8.126999999999999,-2.907
1912,4.356,10.725,-1.9809999999999999
1886,14.226,20.004,8.055
1869,9.006,14.062999999999999,1.968
1868,3.344,8.54,-2.488
1860,11.062,16.822000000000006,4.792000000000002
1897,2.4290000000000003,8.148,-3.519
1910,2.684,8.5,-2.999
1999,11.706,17.613,5.8240000000000025
1986,8.870999999999997,14.772,3.105
1895,13.489,19.471,7.167000000000002
1929,2.0540000000000003,7.479999999999999,-3.66
1879,7.767999999999999,14.201,1.986
1853,2.858,8.23,-4.015
1915,3.265,8.931000000000003,-2.52
1864,13.434,18.909,7.5459999999999985
1870,4.6560000000000015,9.692,-1.419
1971,9.388,15.145999999999999,3.809
1941,5.9529999999999985,11.536,0.265
1919,14.274000000000001,20.146,8.264
2014,6.377999999999999,12.367,0.436
1928,13.113,18.855999999999998,7.045
2005,14.475999999999999,20.104,8.863
1866,12.853,18.753,7.077000000000001
1881,14.203,20.295,8.334
1906,11.771999999999998,17.522000000000002,5.884
1981,3.785,9.267,-1.2980000000000005
2012,3.157,8.690999999999999,-2.233
1870,11.952,17.017000000000003,5.456
1936,11.251,17.076,5.23
1968,5.891,11.3,0.35700000000000004
1884,2.12,7.5669999999999975,-4.118
1882,13.747,19.773,7.965
1893,13.050999999999998,18.980999999999998,6.7810000000000015
1981,14.502,20.293,8.976999999999997
1920,8.293,14.140999999999998,2.164
1992,11.534999999999998,17.346,5.796
1935,7.770999999999999,13.81,1.551
1984,3.185,8.411,-1.88
1974,13.382,19.235,7.591
1964,13.459,19.275,7.5360000000000005
1972,14.231,20.037,8.568
1908,2.3040000000000003,8.117999999999999,-3.548
2013,4.724,10.083,-0.5479999999999999
1896,11.824000000000002,17.727,5.561
1985,2.7039999999999997,8.322000000000001,-2.853
1860,14.203,18.566,7.45
1889,11.242,17.19,5.032
1853,10.975,16.543000000000006,4.364000000000001
2006,12.875,18.779000000000003,7.081
1985,3.785,9.044,-1.368
2007,12.93,18.838,7.18
1990,3.2430000000000003,8.556999999999999,-1.9390000000000005
1990,11.831,17.642000000000003,6.086
1888,5.792000000000002,11.384,0.05200000000000005
1921,2.98,8.737,-2.709
1893,0.5,5.9,-5.3450000000000015
2010,12.863,18.603,7.252000000000002
1952,3.659,9.215,-1.85
1861,11.409,17.769000000000005,5.9879999999999995
2015,6.74,12.659,0.8940000000000001
1990,3.643,9.225,-1.7950000000000002
1984,11.975999999999999,17.860000000000007,6.211
1983,9.478,15.097,4.011
1938,13.321,18.989,7.417999999999998
1941,14.028,19.852999999999998,8.133999999999999
2007,12.517999999999999,18.395000000000003,6.5680000000000005
1924,6.4,11.794,0.6559999999999999
1934,13.402,19.183,7.4220000000000015
1930,3.152,8.9,-2.8520000000000003
2010,14.421,20.252,8.488999999999999
1953,9.59,15.367,3.908
1966,13.587,19.378,7.723000000000001
1910,8.104999999999999,14.37,1.704
1910,11.732999999999999,17.623,5.6690000000000005
1955,3.306,8.802,-2.254
1872,4.922,11.159,-2.156
1900,5.492000000000001,11.377,-0.68
1955,3.412,8.914,-2.028
1906,3.761,9.258,-1.6640000000000001
1926,6.3,11.936,0.618
1854,11.514,17.357000000000006,5.5539999999999985
1920,5.566,11.127,-0.123
1982,9.232,14.845,3.917
1899,9.408999999999999,15.317,3.551
1944,6.091,11.515,0.607
1951,8.366999999999999,14.538,2.191
1949,13.222999999999999,19.064,7.3889999999999985
1923,11.883,17.783,5.816
2001,7.319,12.89,1.92
1861,2.894,8.945,-2.191
1902,3.606,9.814,-2.504
1859,5.023,11.16,-0.4580000000000001
1950,8.123,14.157,2.043
1935,11.999,17.896,6.042000000000002
1916,13.58,19.484,7.754
1994,2.81,8.594,-2.7680000000000002
1889,3.409,8.814,-2.899
1905,13.112,19.11,6.944000000000001
1873,9.234,14.431,2.386
1916,11.725999999999999,17.634,5.725
1879,4.924,10.686,-1.3890000000000002
1989,14.612,20.361,8.988999999999997
1871,13.08,19.127,7.4700000000000015
1970,5.272,11.065999999999999,-0.545
1935,10.905999999999999,16.880000000000006,4.755000000000001
1915,2.299,7.901,-3.4160000000000004
1921,11.869000000000002,17.785,5.996
1905,3.354,9.06,-1.931
1936,14.629,20.443,8.704
2009,7.0310000000000015,12.574000000000002,1.64
1950,14.14,19.882,8.417
1925,13.769,19.737,7.7239999999999975
1903,12.886,18.897,6.723000000000001
1948,6.1850000000000005,11.853,0.691
1950,2.721,8.475,-3.013
1959,3.33,9.004,-2.225
1994,14.658,20.421,8.947000000000003
1851,2.508,9.808,-1.507
1865,11.797,17.840999999999994,5.789
1914,11.284999999999998,17.199,5.2330000000000005
1854,13.889,19.291,7.302999999999999
1965,3.036,8.907,-2.822
1933,2.657,8.350999999999999,-3.318
1948,11.537,17.592000000000002,5.5150000000000015
1969,6.42,11.974,0.923
1866,5.8950000000000005,10.76,0.18200000000000005
1977,3.749,9.001,-1.385
1971,13.879,19.593,8.085999999999999
2006,6.955,12.448,1.5179999999999998
1850,7.217,12.934000000000001,1.018
1893,9.16,15.185,3.099
1891,1.6780000000000002,7.588999999999999,-4.011
1923,6.377999999999999,11.871,0.474
1877,2.286,8.078999999999999,-3.1620000000000004
1931,4.027,9.477,-1.5730000000000002
1970,14.395,20.254,8.722999999999999
1954,6.579,12.155,1.046
1924,14.304,20.057,8.161
1986,3.315,8.818,-2.011
1876,1.8559999999999999,7.327000000000001,-3.325
1883,1.8559999999999999,7.54,-4.303000000000001
1989,6.1789999999999985,11.718,0.7490000000000001
1864,7.515,13.395,1.665
1942,13.786,19.602999999999998,8.042
2000,2.95,8.349,-2.322
1914,3.2,8.501999999999999,-2.551
1970,12.277,17.879,6.62
1900,3.655,9.466,-1.826
1859,8.834,14.235,2.968
1995,4.6560000000000015,10.257,-0.8790000000000002
1868,1.834,7.6110000000000015,-3.478
1993,5.738,11.091,0.3629999999999999
1856,7.750999999999999,14.387,1.242
1982,2.5580000000000003,8.09,-2.777
1853,2.228,8.29,-3.213
1904,10.84,16.922,4.641
1922,8.379999999999999,14.521,2.156
1896,3.312,8.811,-2.3600000000000003
1869,11.295,17.279,4.3820000000000014
2015,14.505,20.364,8.627
1882,11.735999999999999,17.769000000000005,5.891
1967,8.458,14.376,2.5
1947,12.165999999999999,17.959000000000003,6.355
1914,3.3760000000000003,8.822000000000003,-2.334
1988,4.363,9.707,-0.8520000000000001
1911,4.347,10.362,-1.743
1876,10.69,16.783,4.7280000000000015
1939,11.957999999999998,17.922,5.907
1855,13.925999999999998,18.467,7.691
1872,14.285,19.705,7.883999999999999
1933,9.238,15.172,3.374
1878,14.094,20.308,8.074
1900,13.293,19.434,7.112
1892,10.622,16.578000000000007,4.426
1988,12.681,18.424000000000003,7.08
1974,5.19,10.966,-0.4950000000000001
1963,11.045,16.819000000000006,5.234
1983,14.408,20.139,8.829
1959,5.752000000000002,11.261,0.302
1945,13.328,19.407,7.3660000000000005
1857,2.481,9.602,-1.92
1982,3.281,8.843,-2.075
1957,9.496,15.049,3.801
1878,14.742,20.299,8.582
1995,14.636,20.409,8.808
1985,14.059,19.757,8.514999999999999
1875,2.259,7.5219999999999985,-4.365
1901,13.789,19.898,7.6599999999999975
1903,7.831999999999999,13.958,1.6980000000000002
1911,5.964,11.652,0.30899999999999994
1967,9.809,15.479,4.178
1927,14.323,20.237000000000002,8.283999999999999
1875,8.584999999999999,14.754,2.205
1918,2.8480000000000003,8.266,-2.627
1889,13.288,19.314,7.1960000000000015
1865,2.6460000000000004,8.218,-2.5170000000000003
1918,12.908,18.730999999999998,6.772
1871,5.113,10.639,-0.31699999999999995
2006,11.786,17.650000000000006,5.791
1994,6.7879999999999985,12.2,1.311
1879,2.737,8.69,-3.0810000000000004
1989,9.76,15.472999999999999,4.1
1960,8.133,13.955,2.229
1978,13.297,18.974,7.680999999999999
1924,11.187999999999999,17.185000000000002,4.905
1913,14.137,20.256,7.967
1927,6.346,12.072,0.596
1927,13.271999999999998,19.136,7.106
1930,14.465,20.252,8.415
1987,4.134,9.792,-1.366
1887,2.875,8.298,-2.656
1895,2.0,8.18,-4.026
1915,11.493,17.141000000000002,5.371
1907,2.117,7.9929999999999986,-3.603
1944,14.017,20.108,8.075999999999999
2007,14.309,20.223,8.370000000000001
1994,10.002,15.606,4.543
2009,13.152999999999999,19.006,7.397
1951,14.021,19.81,8.033
1980,12.321,18.121,6.642
1855,12.984000000000002,17.642,6.476
1932,2.989,8.797,-3.2300000000000004
1957,3.12,8.708,-2.51
1910,9.006,14.905,2.986
1868,11.669,17.988000000000003,5.726
1853,7.540999999999999,13.72,1.6549999999999998
2003,14.690999999999999,20.48,8.974
1897,3.1710000000000003,8.5,-2.177
2001,3.3360000000000003,8.827,-2.0780000000000003
1871,10.787999999999998,16.627000000000002,4.525
1957,14.082,19.792,8.263
1878,8.899,15.041,2.963
2008,12.802,18.629,7.1160000000000005
1932,13.383,19.114,7.257999999999999
1887,13.097,19.177,7.390999999999999
1985,13.569,19.396,7.907999999999999
1964,4.865,10.97,-1.1520000000000001
1911,1.66,7.132999999999999,-3.969
2008,7.224,12.738,1.7959999999999998
2001,12.735999999999999,18.581000000000003,7.07
1975,12.152,17.804000000000006,6.54
1947,8.686,14.734000000000002,2.738
1894,9.125,15.042,2.997
1974,5.915,11.459,0.389
1982,5.961,11.314,0.909
1866,10.898,16.817,4.582000000000002
1962,13.713,19.553,7.940999999999999
1879,10.802999999999999,16.752000000000002,4.5360000000000005
1960,4.303,10.216,-1.6769999999999998
1905,11.803999999999998,17.684,5.928
1902,10.892999999999999,16.986,4.5870000000000015
1933,2.169,7.379,-3.4530000000000003
1988,3.454,8.863999999999997,-1.798
1850,2.803,7.4929999999999986,-2.8070000000000004
1937,6.356,11.913,0.612
1926,10.931,16.688000000000002,4.806
1888,12.921,18.897,6.476
1864,2.266,8.555,-2.6630000000000003
1851,11.113,15.010000000000002,4.136
1948,13.896,19.87,7.964999999999999
1951,12.324000000000002,18.362000000000002,6.4270000000000005
1950,5.247000000000001,11.173,-0.6930000000000001
1870,13.652999999999999,19.531,7.792999999999998
1981,12.235999999999999,17.950000000000006,6.646
1916,10.972,17.084,4.7940000000000005
1872,9.24,15.715,3.025
1967,2.905,8.619,-2.772
1854,14.692,20.426,7.89
1884,3.892,10.552,-2.444
1932,3.5269999999999997,8.888,-2.071
1875,1.5330000000000001,6.678999999999999,-4.7170000000000005
1921,5.081,10.927999999999999,-0.931
1919,4.743,10.714,-1.5470000000000002
1979,2.6790000000000003,8.071,-2.625
1942,8.415999999999999,14.453,2.401
1898,5.452000000000001,11.444,-0.359
1899,2.38,8.17,-3.442
1879,13.245,19.125,7.289999999999999
2015,12.312,18.181,6.3130000000000015
2010,15.213,20.97,9.551
1982,11.347999999999999,17.149,5.727
1981,14.738,20.398,9.208
1898,8.828,14.69,2.8310000000000004
1942,14.242,20.107,8.516
1854,12.829,18.188,6.4929999999999986
1919,11.989999999999998,17.887,6.126
1998,15.34,20.972,9.715
1936,9.457,15.315999999999999,3.658
1883,13.302,20.049,7.303
1979,9.586,15.354,4.0539999999999985
1957,2.488,8.004999999999999,-2.97
2011,15.482,21.32,9.684
1934,4.8180000000000005,10.835,-1.382
1900,3.0980000000000003,9.181,-2.814
2014,3.5,9.146,-2.08
1931,11.02,16.805,4.9510000000000005
1948,12.155,18.217,6.209
1941,8.575,14.429,2.616
1892,4.362,10.752,-1.931
2011,3.282,8.722000000000001,-2.0340000000000003
1941,14.694,20.578000000000007,8.738999999999999
1874,5.809,10.562999999999999,-0.5490000000000002
1963,6.561,12.068,1.31
1877,5.2970000000000015,10.782,-1.4780000000000002
1892,13.42,19.264,7.447999999999999
1900,11.955,17.817999999999994,5.9670000000000005
1972,11.901,17.529000000000003,6.166
1915,8.705,14.607,2.755
1961,3.5,9.016,-1.915
1971,11.210999999999999,17.186,5.384
1999,4.694,10.4,-0.9570000000000001
1886,11.6,17.419,5.62
1871,1.736,8.782,-3.0610000000000004
1863,5.392,11.350999999999999,0.17499999999999993
1888,14.242,20.063,7.77
1968,13.524,19.238,7.891999999999999
1935,13.325999999999999,19.1,7.1930000000000005
1917,7.854999999999999,13.932,1.689
1917,2.36,8.334,-3.771
1873,14.287,19.974,8.024
2005,4.878,10.279000000000002,-0.395
1892,2.805,9.078,-3.253
1998,12.672999999999998,18.336,7.152
1989,12.402999999999999,18.198,6.675
1957,8.366,14.094,2.426
1973,6.222,11.667,0.7879999999999999
1968,6.117000000000001,11.907,0.2849999999999999
1984,5.811,11.243,0.602
1865,10.917,16.968,4.8740000000000006
2014,10.33,16.066,4.689
1860,8.712,13.677,2.906
1986,11.816999999999998,17.713,6.395
1999,14.853,20.578000000000007,9.24
1976,8.293999999999999,14.177,2.489
1994,11.684,17.582,5.682
1909,2.7060000000000004,8.571,-3.447
1874,13.815,19.618,7.228999999999999
1906,11.239999999999998,17.146,4.9220000000000015
1908,14.197000000000001,19.748,8.113
2004,4.4990000000000006,10.171,-1.1820000000000002
1914,8.097999999999999,14.050999999999998,1.888
1885,3.644,9.156,-1.5390000000000001
1969,14.218,20.024,8.666
1904,8.833,14.902,3.133
1949,5.077,10.981,-0.773
1903,13.992,19.787,7.87
1868,8.183,13.316,1.138
1928,13.687,19.522,7.797999999999999
1983,5.699,11.503,0.09699999999999998
1945,5.184,11.182,-0.898
1933,3.104,8.456,-2.533
1867,14.223,20.032,8.387
1964,11.604,17.394000000000002,6.11
1860,11.892,16.892000000000003,5.5360000000000005
1922,3.667,8.968,-1.865
2001,15.161,20.923000000000002,9.427999999999999
1877,14.642,20.733,8.18
1958,9.375,15.094,3.742
1909,12.962,18.71,6.766
1981,4.519,10.068,-0.878
1915,14.443,20.553,8.455
2014,4.85,10.19,-0.331
1983,11.729,17.477,6.144
1894,14.004,19.851,7.7879999999999985
2005,14.51,20.25,8.934
1979,13.833,19.623,8.266
1914,14.298,20.065,8.182
1902,2.713,8.435,-2.992
1880,2.052,7.957000000000002,-3.767
1991,11.616,17.441000000000006,6.009
1885,8.722000000000001,14.707,2.5469999999999997
1868,13.162,19.005,7.2029999999999985
1969,13.475,19.208,7.568
1971,3.867,9.228,-1.439
1944,11.334,17.483,5.3279999999999985
2001,12.270999999999999,18.185,6.3500000000000005
1880,5.893,10.826,-0.6540000000000001
1984,3.093,8.786,-2.452
1967,3.915,9.279,-1.4200000000000002
1988,5.931,11.817,0.3659999999999999
1906,2.301,8.125,-3.343
1964,2.8810000000000002,8.383999999999999,-2.5490000000000004
1859,11.079999999999998,16.483,5.422999999999999
1879,14.238,19.637,7.64
1867,10.495,16.21,4.665000000000001
1862,13.188,19.605,8.085999999999999
1906,14.122,20.058,8.186
1916,14.052,20.012,8.184
1919,8.487,14.412,2.441
1894,1.6909999999999998,7.4099999999999975,-4.0390000000000015
1910,13.151,19.027,6.871
1912,11.254,17.389000000000006,4.992000000000001
1898,13.395,19.452,7.067
1894,11.579999999999998,17.425,5.502999999999999
2009,4.0939999999999985,9.822,-1.5450000000000002
1977,6.5440000000000005,11.962,1.259
1976,11.895,17.740000000000006,6.197
1852,11.169,15.835,4.6240000000000006
1998,9.941,15.505999999999998,4.45
1979,8.455,14.273,2.623
1881,2.6260000000000003,8.594,-2.813
1963,4.02,9.95,-1.685
2011,4.654999999999999,10.097999999999999,-0.6409999999999999
1970,2.8360000000000003,8.288,-2.584
1952,4.9670000000000005,10.96,-1.193
1914,9.387,15.270999999999999,3.5669999999999997
2011,10.352,16.075,4.85
1978,3.74,9.195,-1.617
1880,4.63,10.655,-1.814
1975,9.318,14.908,3.671
1957,6.391,11.849,0.831
1958,3.822,9.23,-1.5570000000000002
1898,14.138,20.145,8.039
1989,13.447,19.25,7.871
1958,11.845,17.549000000000003,6.204
1924,11.957,17.783,6.024
1861,13.017,19.299,7.391
1865,4.039,11.582,-0.5920000000000001
1897,11.925,17.918000000000006,5.901
1853,13.953,19.308,7.273
1857,1.821,6.642,-5.407
1856,13.495999999999999,18.326,6.879
1854,9.763,15.341,3.033
2002,6.772,12.775,0.8940000000000001
1987,9.59,15.136,4.0939999999999985
2006,15.042,20.905,9.288
1867,9.212,15.374,3.705
1929,11.807,17.598000000000006,5.926
1961,12.247,17.987000000000005,6.525
1978,12.03,17.64,6.431
1872,13.821,19.415,7.450999999999999
1867,13.302999999999999,19.753,8.032
1853,11.71,17.691000000000006,5.779
2003,12.152999999999999,18.118,6.207999999999998
1942,13.578,19.417,7.721
1948,3.366,9.136,-2.3520000000000003
1880,1.755,7.882999999999999,-3.37
1954,2.059,7.672999999999999,-3.5810000000000004
1919,10.969,16.701,4.881
2006,9.055,15.004,3.0810000000000004
1892,2.935,8.297,-2.8470000000000004
1911,7.9899999999999975,14.081,1.8559999999999999
1954,13.4,19.213,7.62
1940,14.571,20.408,8.51
1913,8.023,14.219,1.91
1864,5.232,12.502,0.6649999999999999
1977,5.702000000000001,11.581,-0.03500000000000003
1913,4.103,9.556,-1.4300000000000002
1858,11.148,17.559,5.505
1957,11.259,17.054000000000002,5.4300000000000015
1857,13.203,18.194000000000006,6.9979999999999976
2006,4.43,10.124,-1.2290000000000003
1935,3.423,8.675,-2.09
1876,8.199,14.188,1.814
1888,3.222,9.327,-2.511
1990,14.784,20.401,9.158
1963,5.097,11.043,-0.895
1866,2.932,8.187999999999999,-2.923
1862,4.792,11.889,0.24399999999999994
1971,8.338999999999999,14.267,2.516
1856,10.948,17.21,4.864
1909,13.752,19.625,7.752999999999999
1873,7.4620000000000015,13.983,1.069
1927,13.698,19.529,7.696999999999999
1961,14.288,20.014,8.664
1939,2.932,8.53,-2.7710000000000004
1877,11.056,16.802,5.022
1985,8.633,14.421,2.905
1950,11.952,17.737000000000005,6.205
1858,2.739,9.044,-2.692
1906,2.068,8.086,-3.6370000000000013
1883,1.4600000000000002,7.063999999999999,-4.519
1916,9.052999999999999,14.763,3.156
2012,13.04,19.074,7.176
2013,4.2219999999999995,9.95,-1.4720000000000002
1873,5.819,10.914,-0.8119999999999998
1902,7.955999999999999,13.884,1.5619999999999998
1939,13.932,19.807,8.011000000000001
1969,2.45,7.9689999999999985,-3.1910000000000003
1939,11.524,17.489,5.362
1942,5.308,11.264,-0.7709999999999999
1990,4.425,9.935,-0.9220000000000002
1886,1.7930000000000001,8.015,-3.884
1864,8.795,15.047,3.2460000000000004
2000,14.519,20.308,8.796
1857,6.826999999999999,13.107,0.8799999999999999
1988,14.099,19.974,8.356
1993,14.595,20.228,8.947000000000003
1976,14.155,19.852,8.349
1973,3.898,9.496,-1.6540000000000004
1857,3.515,9.509,-1.546
1966,3.3819999999999997,8.758,-1.927
1855,11.140999999999998,17.078000000000007,5.499
1975,3.059,8.484,-2.257
1875,13.401,20.053,7.326999999999999
1864,2.506,8.542,-2.8560000000000003
2006,14.913,20.79,9.146999999999998
1899,14.159,20.168,7.9529999999999985
1858,2.444,8.49,-1.965
1894,5.405,11.187,-0.4909999999999999
1958,13.187,19.028,7.4270000000000005
1995,6.761,12.387,1.266
1986,13.972,19.874,8.433
1862,12.86,18.539,6.795
1890,9.177999999999999,14.747,3.367
1925,2.2680000000000002,7.483999999999999,-3.1790000000000003
1985,11.425999999999998,17.203000000000007,5.756
2015,4.664,10.497,-1.1380000000000003
1866,7.914,14.889,2.084
1940,13.811,19.662,7.9369999999999985
1930,2.401,7.669999999999999,-3.169
1955,3.137,8.966000000000003,-2.71
1893,7.994,13.697,1.5819999999999999
1913,6.024,11.67,0.34700000000000003
1958,3.5740000000000003,8.977,-1.7720000000000002
1890,2.969,8.611,-2.729
1983,6.7650000000000015,12.334,1.4209999999999998
2012,10.427999999999999,16.203,4.765
1948,3.491,8.981,-2.03
1853,4.783,11.269,-0.07599999999999996
1896,5.3660000000000005,11.173,-0.4690000000000001
1852,13.164,17.759999999999994,6.705
1850,3.071,9.97,-2.2910000000000004
1965,13.807,19.583,8.184
1862,4.485,11.112,-1.314
1890,5.03,11.451,-1.043
1968,11.62,17.348000000000006,5.942
1925,11.039,17.032,4.828
1920,14.245,20.121,8.299
1906,13.334,19.287,7.275
1875,10.745999999999999,17.509,4.163
1933,5.89,11.578,0.09299999999999996
1906,5.501,11.17,-0.30099999999999993
1889,8.865,14.902,2.608
1856,10.53,16.704,3.945
1874,8.231,13.237,1.005
1871,9.096,14.697,2.891
1991,9.753,15.552999999999999,4.122
2000,9.486,15.069,4.0
1861,13.656,18.907,7.562999999999999
1893,11.767,17.799000000000003,5.599
1851,11.677,16.360000000000007,5.525
1925,6.34,11.912,0.6459999999999999
1850,14.492,19.233,8.014
1901,13.423,19.315,7.1510000000000025
1996,14.827,20.65,9.123
1854,11.095,16.748,4.184
1918,5.683,11.265,0.14200000000000002
2010,4.292,9.887,-1.139
1904,7.6839999999999975,13.823,1.4280000000000002
1938,5.651,11.616,-0.4310000000000001
1864,11.37,17.063000000000002,5.721
1987,8.594999999999999,14.69,2.835
1961,2.926,8.379999999999999,-2.383
1893,1.654,7.616,-4.558
1967,6.176,11.505,0.8079999999999999
1860,13.271999999999998,19.163,7.212999999999999
1943,14.46,20.394000000000002,8.503
1958,8.52,14.392,2.57
1897,13.668,19.753,7.592
1934,14.343,20.14,8.472000000000001
1976,8.511000000000001,14.028,3.113
1886,5.226,11.208,-0.71
1914,13.495999999999999,19.335,7.2189999999999985
2000,14.848,20.665,9.097999999999999
1878,11.017,16.945999999999998,5.090000000000002
1926,13.877,19.695,7.915999999999999
1977,13.876,19.628,8.058
1922,2.15,7.603,-3.428
1862,10.739,17.854000000000006,5.6750000000000025
1895,3.4619999999999997,9.232,-2.206
1978,2.705,8.006,-2.52
1935,5.399,11.343,-0.802
1907,4.575,10.61,-1.6
1863,3.0340000000000003,8.462,-1.766
1922,14.278,20.098,8.241
1917,12.915,18.889,6.7920000000000025
1954,14.241,20.015,8.543
1985,9.338,14.808,4.051
1926,3.4530000000000003,8.785,-2.2220000000000004
1883,8.908999999999997,14.621,2.6710000000000003
1997,12.685,18.555000000000003,6.973
1973,13.824000000000002,19.497,8.155000000000001
1926,14.168,19.998,8.058
1955,11.191999999999998,17.110000000000007,5.504
1989,11.28,17.105,5.4940000000000015
1869,4.3740000000000006,11.012,-1.3119999999999998
1873,11.005999999999998,16.765,4.202
2009,14.655,20.576999999999998,8.854999999999997
1912,8.229,14.069,2.091
1928,3.873,9.186,-1.751
1897,5.6080000000000005,11.616,-0.19700000000000006
1974,14.015999999999998,19.652,8.391
1942,9.627,15.452,3.864
1863,3.253,8.908999999999997,-2.1100000000000003
1919,9.361,15.005,3.522
1995,4.123,9.396,-1.143
1893,14.318,20.005,8.102
1993,13.835,19.584,8.228
1943,11.485,17.401,5.5230000000000015
2000,3.863,9.182,-1.3330000000000002
1869,2.7060000000000004,8.531,-2.519
1891,10.785,16.645,4.317
1909,1.395,7.121,-4.298
2001,9.245,15.174,3.234
1924,2.339,7.911999999999999,-3.502
1869,5.773,10.418,-0.5090000000000001
1882,12.805,18.941,7.032
1988,11.852,17.676000000000005,6.1430000000000025
1955,11.954,17.859,6.405
1891,1.88,8.122,-4.465
1960,3.798,9.748,-1.92
1922,13.584,19.475,7.5989999999999975
1971,14.139,19.984,8.511000000000001
1904,11.380999999999998,17.465000000000003,5.3610000000000015
1891,7.6179999999999986,13.979,1.182
1987,3.139,8.700999999999999,-2.3440000000000003
1946,3.134,8.514,-2.31
1967,13.194,18.910999999999998,7.445
1877,13.384,19.257,6.875
1867,11.763,17.566000000000006,5.9110000000000005
1896,9.416,15.35,3.2119999999999997
1882,13.703,19.832,7.8359999999999985
2004,12.642,18.451,6.907
1857,5.2360000000000015,10.527,-0.605
1911,11.638,17.491000000000003,5.723
1890,12.872,18.703,6.7070000000000025
2002,12.248,18.157,6.1990000000000025
1917,13.470999999999998,19.567999999999998,7.544999999999999
1904,1.6369999999999998,7.081999999999999,-3.86
1983,3.4450000000000003,8.747,-1.65
2009,4.31,9.661,-0.94
1949,11.309,17.195999999999998,5.444000000000001
1852,11.478,16.665000000000006,5.742000000000001
1943,6.26,11.87,0.5920000000000001
1888,4.3,10.491,-2.039
1956,3.5980000000000003,8.962,-1.775
1912,5.521,11.185,-0.2909999999999999
1969,5.131,11.017999999999999,-0.8240000000000001
1938,14.482,20.249,8.612
1984,12.015,17.718,6.5
1961,5.589,11.478,-0.2710000000000001
1854,7.622000000000001,13.402,0.5659999999999998
1944,9.808,15.732,4.032
1982,4.327,9.637,-0.7050000000000001
1951,6.2250000000000005,11.752,0.457
1984,9.378,14.890999999999998,4.015
1880,13.327,19.29,6.597
1855,2.214,7.879,-3.4530000000000003
1924,13.342,19.195,7.085000000000001
1904,13.836,19.678,7.777
2012,4.102,9.498,-1.162
1888,9.201,14.783,2.951
1923,13.611,19.445,7.645
1859,2.611,8.968,-1.858
1874,3.407,9.495,-1.6780000000000002
1994,5.731,11.662999999999998,-0.13100000000000006
1929,9.46,15.217,3.686
1939,9.218,14.963,3.479
1979,5.474,11.331,-0.129
1885,2.2430000000000003,8.247,-3.438
1963,9.943,15.716,4.3260000000000005
2009,14.200999999999999,20.055999999999997,8.3
1953,5.7120000000000015,11.677,-0.22000000000000008
1909,11.879,17.891000000000005,5.778
1973,12.125,17.815,6.504
1909,9.192,15.139,3.221
1962,3.003,8.657,-2.5090000000000003
1956,13.189,18.967,7.512999999999999
1972,5.7970000000000015,11.167,0.52
1924,7.97,13.857,1.722
1880,11.386,17.558000000000003,5.84
1997,8.891,14.817,2.967
1889,4.9990000000000006,11.145999999999999,-0.5670000000000001
1898,11.752999999999998,17.702,5.902
2013,15.003,20.737,9.33
1953,5.924,11.376,0.419
1877,8.039,13.827,2.032
1931,14.12,19.961,8.189
1949,14.199000000000002,20.128,8.297
1960,10.872,16.71,5.0440000000000005
1894,12.857999999999999,18.782,6.6030000000000015
1974,2.582,8.118,-2.926
1884,12.527,18.787,6.362
1913,4.517,10.4,-1.597
1895,8.247,14.509,1.915
1858,12.956,18.968,7.0379999999999985
1889,3.0989999999999998,9.264,-2.395
1878,6.6080000000000005,12.343,0.3609999999999999
1913,13.724,19.805,7.7349999999999985
1992,8.572000000000001,14.366,2.785
2012,14.72,20.709,8.84
2007,14.752,20.641,9.032
1947,6.407,11.925999999999998,0.913
1927,3.267,8.689,-2.3920000000000003
1890,10.464,16.865000000000002,3.9430000000000014
1912,2.402,7.911,-3.305
1874,12.110999999999999,17.704,5.6320000000000014
1956,4.8889999999999985,10.835999999999999,-1.028
1933,13.76,19.635,7.858
1911,10.829,16.71,4.6320000000000014
1906,4.8660000000000005,11.008,-1.229
1956,2.781,8.555,-3.1310000000000002
1880,11.095999999999998,16.917,4.877000000000002
2001,9.935,15.578,4.353
1995,11.57,17.301000000000002,5.758000000000001
2008,10.399,16.038,4.8469999999999995
1891,12.888,18.588,6.6350000000000025
1933,11.047,16.845000000000002,4.988
1999,9.997,15.583,4.4910000000000005
1977,14.630999999999998,20.327,8.971
1873,2.013,8.285,-3.4400000000000004
1887,4.552,10.828,-1.901
1956,8.927999999999997,14.667,3.173
1927,3.039,8.67,-2.866
1874,4.221,8.948,-1.942
1877,2.9960000000000004,9.491,-0.5750000000000002
1948,4.9190000000000005,10.852,-1.0390000000000001
1934,13.778,19.534,8.01
1891,4.755,10.629,-1.449
1997,3.165,8.588,-2.1340000000000003
1914,4.942,11.039,-1.31
1931,14.576,20.399,8.665
2000,6.312,11.67,0.996
1944,8.434,14.577,2.3369999999999997
1927,4.668,10.565,-1.495
1919,2.184,7.648999999999999,-3.3960000000000004
1887,12.89,18.430999999999997,6.5139999999999985
1864,14.162,18.831,7.4129999999999985
1895,10.867,16.892000000000003,4.6389999999999985
1863,12.794,18.202,7.9250000000000025
1982,14.545,20.311,9.019
1967,12.053999999999998,17.852,6.269
1934,2.476,7.994999999999999,-3.1310000000000002
1889,13.504,19.732,7.6149999999999975
2001,6.207999999999998,12.130999999999998,0.4109999999999999
1886,4.2620000000000005,10.568,-2.188
1959,2.959,8.389999999999999,-2.406
1960,5.8279999999999985,11.433,0.355
2008,14.377,20.176,8.594
1959,9.16,14.767,3.5860000000000003
2006,14.443,20.317,8.530000000000001
2014,14.873,20.711,9.112
1940,8.756,14.793,2.722
1996,2.862,8.350999999999999,-2.512
1962,3.696,9.547,-2.045
1905,13.578,19.619,7.719999999999999
1965,11.73,17.407,6.096
1853,13.41,18.611,6.944000000000001
1890,1.836,7.6469999999999985,-4.24
2010,6.738,12.669,0.7959999999999998
1987,14.89,20.667,9.326
1945,9.575,15.458,3.83
1882,5.066,11.404000000000002,-0.581
1866,2.274,9.636,-2.053
1919,5.489,11.158,-0.4310000000000001
1920,2.755,8.266,-3.109
1988,9.979,15.719,4.363
1859,8.542,14.225,1.4340000000000002
2011,12.912,18.89,6.997999999999998
1908,4.136,10.384,-2.101
1928,4.959,10.892,-1.247
2012,7.1560000000000015,12.689,1.7959999999999998
1943,4.2330000000000005,9.705,-1.3259999999999998
1940,6.0760000000000005,11.667,0.52
1955,5.973,11.527,0.08399999999999996
1950,11.297,17.252000000000002,5.421
1857,8.198,14.558,2.881
1889,5.299,11.628,-0.8079999999999999
1866,8.506,14.624,2.9939999999999998
1856,2.226,8.294,-3.679
1860,13.765,18.984,7.068999999999999
1858,13.22,18.261,7.2639999999999985
1910,5.318,11.072,-0.6540000000000001
1877,14.151,20.643,7.786
1942,12.145999999999999,18.143,6.151
1894,3.133,8.757,-2.202
1865,13.214,19.022,7.508999999999999
1983,3.814,9.427,-1.592
2005,12.225999999999999,17.995,6.392
1962,3.94,9.425,-1.4300000000000002
1942,3.103,8.715,-2.609
1931,2.708,8.218,-3.123
1917,10.443,16.421000000000006,4.3050000000000015
1960,14.198,19.884,8.491999999999999
1883,4.9289999999999985,10.123,-2.0940000000000003
1982,4.873,10.667,-0.722
1971,13.099,18.992,7.436
2008,6.9060000000000015,12.992,0.879
1923,7.749,13.64,1.6019999999999999
1959,13.577,19.379,7.747999999999998
1923,9.52,15.188,3.523
1955,13.56,19.218,7.735
1938,13.963,19.85,8.097000000000001
1891,11.763,17.649,5.704
1927,8.035,14.007,1.8519999999999999
1939,3.2319999999999998,9.048,-2.535
1891,3.602,9.802999999999999,-2.138
1940,12.267999999999999,18.186,6.377000000000002
1966,2.49,8.049,-3.0410000000000004
1980,5.367000000000001,11.239999999999998,-0.379
1962,14.205,20.054000000000002,8.451
1907,13.769,19.626,7.761
1954,9.546,15.26,3.902
1923,2.487,8.209999999999999,-3.1950000000000003
1855,8.443999999999999,14.26,2.3169999999999997
1874,2.685,7.382999999999999,-3.764
1889,14.225,20.315,8.311
1872,5.372000000000001,11.293,-0.060999999999999936
1902,2.684,8.796999999999997,-3.031
1926,13.285,19.214,7.0790000000000015
1937,14.007,19.85,8.145
1910,14.279000000000002,19.952,8.205
1862,8.283,15.138,3.245
2015,15.050999999999998,20.904,9.326
1892,13.89,19.82,7.917000000000002
1913,2.376,8.232999999999999,-3.4850000000000003
1937,8.139999999999999,14.025,2.001
1970,3.5210000000000004,8.941,-1.829
1955,8.136000000000001,13.914,2.2230000000000003
1866,13.532,18.947,7.087999999999999
1899,12.856,18.799,6.872000000000001
1964,3.458,8.759,-1.7830000000000001
1945,6.073,11.697,0.47
1971,2.867,8.578999999999999,-2.7230000000000003
1895,1.2950000000000002,6.960999999999999,-4.319
1876,2.194,8.805,-2.806
2013,9.044,15.084,3.055
1986,13.439,19.211,7.7200000000000015
1949,3.2190000000000003,8.837,-2.4280000000000004
1986,3.991,9.699,-1.6370000000000002
1906,13.691,19.539,7.842999999999999
1892,2.018,7.683,-3.93
1951,5.091,11.074000000000002,-1.0870000000000002
1937,11.422,17.358,5.1690000000000005
2000,11.874,17.721,5.997000000000001
1938,6.53,12.161,0.969
1990,14.095,19.956,8.514
1977,11.861999999999998,17.535,6.35
1862,1.6230000000000002,9.402,-1.747
1862,11.027999999999999,18.042,6.122999999999998
1950,5.372000000000001,11.077,-0.4259999999999999
1996,4.0120000000000005,9.769,-1.7620000000000002
2002,9.229,15.146,3.3080000000000003
1894,2.923,8.898,-3.028
1973,11.768999999999998,17.417,5.926
1950,13.46,19.39,7.728999999999999
1932,4.94,10.934,-1.1640000000000001
1909,7.534,13.425999999999998,1.395
1993,5.922999999999999,11.790999999999999,0.1409999999999999
1982,13.245,19.083,7.556
1965,7.9899999999999975,13.841,2.168
1868,2.039,8.817,-3.455
2006,6.3290000000000015,12.239,0.56
1852,14.512,17.795,7.57
1899,8.280999999999999,14.438,2.074
1876,2.617,8.895,-3.095
1893,4.979,11.065999999999999,-1.2520000000000002
1908,2.769,8.527000000000001,-3.177
2002,12.95,18.785,7.16
